"Class Name","Year Group","Faculty","Subject","Room","Period","Day","Week","Teacher"
"11C/Science","Year 11","Science","Science","E1","1","Fri","A","Mrs Clarke"
"9B/English","Year 9","English","English","M2","3","Fri","B","Ms Baker"
"9B/Art","Year 9","Creative Arts","Art","H1","3","Fri","B","Mrs Green"
"11A/English","Year 11","English","English","M2","3","Fri","A","Ms Baker"
"9C/Computing","Year 9","Computing","Computing","S2","3","Fri","B","Mr Foster"
"7A/Science","Year 7","Science","Science","E1","4","Fri","B","Mrs Clarke"
"8B/French","Year 8","Languages","French","G1","4","Fri","A","Ms Hughes"
"11C/French","Year 11","Languages","French","G1","4","Fri","B","Ms Hughes"
"8B/Drama","Year 8","Creative Arts","Drama","A1","5","Fri","B","Mr Khan"
"8B/Science","Year 8","Science","Science","E1","1","Mon","A","Mrs Clarke"
"7A/Computing","Year 7","Computing","Computing","S2","1","Mon","A","Mr Foster"
"11A/RE","Year 11","Humanities","RE","F1","1","Mon","A","Mrs Lewis"
"10C/English","Year 10","English","English","M2","1","Mon","B","Ms Baker"
"7A/Drama","Year 7","Creative Arts","Drama","A1","1","Mon","B","Mr Khan"
"9B/PE","Year 9","PE","PE","IT1","2","Mon","B","Mr Iqbal"
"10B/Science","Year 10","Science","Science","E1","2","Mon","A","Mrs Clarke"
"7B/Art","Year 7","Creative Arts","Art","H1","3","Mon","B","Mrs Green"
"8C/Geography","Year 8","Humanities","Geography","S1","3","Mon","A","Ms Evans"
"11B/Computing","Year 11","Computing","Computing","S2","3","Mon","B","Mr Foster"
"10C/Art","Year 10","Creative Arts","Art","H1","5","Mon","AB","Mrs Green"
"7B/RE","Year 7","Humanities","RE","F1","5","Mon","B","Mrs Lewis"
"9C/Drama","Year 9","Creative Arts","Drama","A1","5","Mon","A","Mr Khan"
"8A/PE","Year 8","PE","PE","IT1","5","Mon","A","Mr Iqbal"
"7B/Music","Year 7","Creative Arts","Music","IT2","5","Mon","AB","Ms Jones"
"11B/Drama","Year 11","Creative Arts","Drama","A1","1","Thu","A","Mr Khan"
"9A/French","Year 9","Languages","French","G1","1","Thu","A","Ms Hughes"
"10B/Music","Year 10","Creative Arts","Music","IT2","1","Thu","B","Ms Jones"
"7A/Maths","Year 7","Maths","Maths","M1","1","Thu","A","Mr Adams"
"7B/English","Year 7","English","English","M2","1","Thu","AB","Ms Baker"
"7C/History","Year 7","Humanities","History","E2","1","Thu","A","Mr Davies"
"8B/Computing","Year 8","Computing","Computing","S2","1","Thu","AB","Mr Foster"
"7A/French","Year 7","Languages","French","G1","2","Thu","A","Ms Hughes"
"10A/Maths","Year 10","Maths","Maths","M1","2","Thu","B","Mr Adams"
"8A/History","Year 8","Humanities","History","E2","3","Thu","A","Mr Davies"
"9A/Geography","Year 9","Humanities","Geography","S1","3","Thu","A","Ms Evans"
"9C/Maths","Year 9","Maths","Maths","M1","3","Thu","A","Mr Adams"
"9A/Science","Year 9","Science","Science","E1","3","Thu","A","Mrs Clarke"
"10A/History","Year 10","Humanities","History","E2","4","Thu","A","Mr Davies"
"11A/Music","Year 11","Creative Arts","Music","IT2","5","Thu","A","Ms Jones"
"11A/Geography","Year 11","Humanities","Geography","S1","1","Tue","B","Ms Evans"
"11B/PE","Year 11","PE","PE","IT1","2","Tue","A","Mr Iqbal"
"9A/Music","Year 9","Creative Arts","Music","IT2","3","Tue","B","Ms Jones"
"8A/English","Year 8","English","English","M2","3","Tue","A","Ms Baker"
"10A/Drama","Year 10","Creative Arts","Drama","A1","3","Tue","A","Mr Khan"
"7C/PE","Year 7","PE","PE","IT1","3","Tue","A","Mr Iqbal"
"10B/French","Year 10","Languages","French","G1","3","Tue","A","Ms Hughes"
"11A/Art","Year 11","Creative Arts","Art","H1","4","Tue","A","Mrs Green"
"11B/History","Year 11","Humanities","History","E2","4","Tue","B","Mr Davies"
"8A/RE","Year 8","Humanities","RE","F1","5","Tue","A","Mrs Lewis"
"8C/Music","Year 8","Creative Arts","Music","IT2","5","Tue","AB","Ms Jones"
"10A/PE","Year 10","PE","PE","IT1","5","Tue","A","Mr Iqbal"
"8B/Maths","Year 8","Maths","Maths","M1","1","Wed","B","Mr Adams"
"10B/Geography","Year 10","Humanities","Geography","S1","1","Wed","AB","Ms Evans"
"11B/Maths","Year 11","Maths","Maths","M1","2","Wed","B","Mr Adams"
"8A/Art","Year 8","Creative Arts","Art","H1","3","Wed","B","Mrs Green"
"9B/History","Year 9","Humanities","History","E2","4","Wed","B","Mr Davies"
"10C/RE","Year 10","Humanities","RE","F1","5","Wed","AB","Mrs Lewis"
